warden_id,name,email,contact,assigned_floor_id
1,Mehwish Iqbal,mehwish.iqbal101@hostel.edu.pk,3144226067,1
2,Ali Chaudhry,ali.chaudhry102@hostel.edu.pk,3155855124,2
3,Imran Malik,imran.malik103@hostel.edu.pk,3277377459,3
4,Layla Ansari,layla.ansari104@hostel.edu.pk,3333728882,4
5,Raza Siddiqui,raza.siddiqui105@hostel.edu.pk,3145479144,5
6,Babar Sheikh,babar.sheikh106@hostel.edu.pk,3259961380,1
7,Omar Baig,omar.baig107@hostel.edu.pk,3277366205,2
8,Sumera Chaudhry,sumera.chaudhry108@hostel.edu.pk,3136440561,3
9,Imran Ahmed,imran.ahmed109@hostel.edu.pk,3356292423,4
10,Amna Ali,amna.ali110@hostel.edu.pk,3464539704,5
